{"cameraMode":{"drawMode":0,"name":"Shaded","section":"Shading Mode"},"sceneLighting":true,"audioPlay":false,"sceneViewState":{"m_AlwaysRefresh":false,"showFog":true,"showSkybox":true,"showFlares":true,"showImageEffects":true,"showParticleSystems":true,"showVisualEffectGraphs":true,"m_FxEnabled":true},"in2DMode":false,"pivot":{"x":2.9901068210601808,"y":10.086040496826172,"z":-20.384679794311525},"rotation":{"x":0.0671367272734642,"y":0.011071962304413319,"z":0.0007515792385675013,"w":-0.9976924657821655},"size":0.8660253882408142,"orthographic":false}