{"cameraMode":{"drawMode":0,"name":"Shaded","section":"Shading Mode"},"sceneLighting":true,"audioPlay":false,"sceneViewState":{"m_AlwaysRefresh":false,"showFog":true,"showSkybox":true,"showFlares":true,"showImageEffects":true,"showParticleSystems":true,"showVisualEffectGraphs":true,"m_FxEnabled":true},"in2DMode":false,"pivot":{"x":-12.269611358642579,"y":61.62843704223633,"z":91.22181701660156},"rotation":{"x":-0.12498752027750015,"y":-0.1942215859889984,"z":0.02502652443945408,"w":-0.9726973176002502},"size":0.21532462537288667,"orthographic":false}