{"cameraMode":{"drawMode":0,"name":"Shaded","section":"Shading Mode"},"sceneLighting":true,"audioPlay":false,"sceneViewState":{"m_AlwaysRefresh":false,"showFog":true,"showSkybox":true,"showFlares":true,"showImageEffects":true,"showParticleSystems":true,"showVisualEffectGraphs":true,"m_FxEnabled":true},"in2DMode":false,"pivot":{"x":-14.191474914550782,"y":50.88117980957031,"z":81.52139282226563},"rotation":{"x":0.013397157192230225,"y":0.9257481098175049,"z":0.03307531028985977,"w":-0.3766366243362427},"size":10.907315254211426,"orthographic":false}