{"cameraMode":{"drawMode":0,"name":"Shaded","section":"Shading Mode"},"sceneLighting":true,"audioPlay":false,"sceneViewState":{"m_AlwaysRefresh":false,"showFog":true,"showSkybox":true,"showFlares":true,"showImageEffects":true,"showParticleSystems":true,"showVisualEffectGraphs":true,"m_FxEnabled":true},"in2DMode":false,"pivot":{"x":722.8406982421875,"y":858.9885864257813,"z":-774.4293823242188},"rotation":{"x":-0.17193318903446198,"y":-0.015355793759226799,"z":0.002658100565895438,"w":-0.9850063920021057},"size":11.411661148071289,"orthographic":false}