{"cameraMode":{"drawMode":0,"name":"Shaded","section":"Shading Mode"},"sceneLighting":true,"audioPlay":false,"sceneViewState":{"m_AlwaysRefresh":false,"showFog":true,"showSkybox":true,"showFlares":true,"showImageEffects":true,"showParticleSystems":true,"showVisualEffectGraphs":true,"m_FxEnabled":true},"in2DMode":false,"pivot":{"x":1316.2215576171875,"y":6.182406902313232,"z":1072.6400146484375},"rotation":{"x":0.015312020666897297,"y":0.007187037728726864,"z":-0.0000985168808256276,"w":0.9999262094497681},"size":11.326470375061036,"orthographic":false}