{"cameraMode":{"drawMode":0,"name":"Shaded","section":"Shading Mode"},"sceneLighting":true,"audioPlay":false,"sceneViewState":{"m_AlwaysRefresh":false,"showFog":true,"showSkybox":true,"showFlares":true,"showImageEffects":true,"showParticleSystems":true,"showVisualEffectGraphs":true,"m_FxEnabled":true},"in2DMode":false,"pivot":{"x":1257.280517578125,"y":149.53738403320313,"z":1090.1727294921875},"rotation":{"x":-0.20902350544929505,"y":-0.09124427288770676,"z":0.01955842599272728,"w":-0.9734991788864136},"size":2.5998287200927736,"orthographic":false}