{"cameraMode":{"drawMode":0,"name":"Shaded","section":"Shading Mode"},"sceneLighting":true,"audioPlay":false,"sceneViewState":{"m_AlwaysRefresh":false,"showFog":true,"showSkybox":true,"showFlares":true,"showImageEffects":true,"showParticleSystems":true,"showVisualEffectGraphs":true,"m_FxEnabled":true},"in2DMode":false,"pivot":{"x":14.398031234741211,"y":87.32958221435547,"z":102.50533294677735},"rotation":{"x":-0.25163567066192629,"y":-0.013948876410722733,"z":0.0036121592856943609,"w":-0.9677164554595947},"size":0.8660253882408142,"orthographic":false}