{"cameraMode":{"drawMode":0,"name":"Shaded","section":"Shading Mode"},"sceneLighting":true,"audioPlay":false,"sceneViewState":{"m_AlwaysRefresh":false,"showFog":true,"showSkybox":true,"showFlares":true,"showImageEffects":true,"showParticleSystems":true,"showVisualEffectGraphs":true,"m_FxEnabled":true},"in2DMode":false,"pivot":{"x":1290.6981201171875,"y":42.15766525268555,"z":1019.2583618164063},"rotation":{"x":0.1778484284877777,"y":0.010011604055762291,"z":-0.001846770290285349,"w":0.9839990139007568},"size":1.1105533838272095,"orthographic":false}