{"cameraMode":{"drawMode":0,"name":"Shaded","section":"Shading Mode"},"sceneLighting":true,"audioPlay":false,"sceneViewState":{"m_AlwaysRefresh":false,"showFog":true,"showSkybox":true,"showFlares":true,"showImageEffects":true,"showParticleSystems":true,"showVisualEffectGraphs":true,"m_FxEnabled":true},"in2DMode":false,"pivot":{"x":-1.8959347009658814,"y":50.46099090576172,"z":99.03040313720703},"rotation":{"x":0.04856189712882042,"y":0.11362030357122421,"z":-0.0055556949228048328,"w":0.9923370480537415},"size":11.148698806762696,"orthographic":false}