{"cameraMode":{"drawMode":0,"name":"Shaded","section":"Shading Mode"},"sceneLighting":true,"audioPlay":false,"sceneViewState":{"m_AlwaysRefresh":false,"showFog":true,"showSkybox":true,"showFlares":true,"showImageEffects":true,"showParticleSystems":true,"showVisualEffectGraphs":true,"m_FxEnabled":true},"in2DMode":false,"pivot":{"x":-9.206985473632813,"y":10.296689987182618,"z":-2.5717849731445314},"rotation":{"x":-0.16682709753513337,"y":-0.5010584592819214,"z":0.09915705025196076,"w":-0.8433723449707031},"size":11.494683265686036,"orthographic":false}