{"cameraMode":{"drawMode":0,"name":"Shaded","section":"Shading Mode"},"sceneLighting":true,"audioPlay":false,"sceneViewState":{"m_AlwaysRefresh":false,"showFog":true,"showSkybox":true,"showFlares":true,"showImageEffects":true,"showParticleSystems":true,"showVisualEffectGraphs":true,"m_FxEnabled":true},"in2DMode":false,"pivot":{"x":853.0071411132813,"y":624.0490112304688,"z":-509.0060119628906},"rotation":{"x":-0.035973355174064639,"y":0.032973628491163257,"z":0.0011798503110185266,"w":0.9988123774528503},"size":206.1317138671875,"orthographic":false}