{"cameraMode":{"drawMode":0,"name":"Shaded","section":"Shading Mode"},"sceneLighting":true,"audioPlay":false,"sceneViewState":{"m_AlwaysRefresh":false,"showFog":true,"showSkybox":true,"showFlares":true,"showImageEffects":true,"showParticleSystems":true,"showVisualEffectGraphs":true,"m_FxEnabled":true},"in2DMode":false,"pivot":{"x":728.7628173828125,"y":535.3930053710938,"z":-331.77374267578127},"rotation":{"x":0.05761528015136719,"y":-0.16987760365009309,"z":0.009940814226865769,"w":0.9837341904640198},"size":206.1317138671875,"orthographic":false}