{"cameraMode":{"drawMode":0,"name":"Shaded","section":"Shading Mode"},"sceneLighting":true,"audioPlay":false,"sceneViewState":{"m_AlwaysRefresh":false,"showFog":true,"showSkybox":true,"showFlares":true,"showImageEffects":true,"showParticleSystems":true,"showVisualEffectGraphs":true,"m_FxEnabled":true},"in2DMode":false,"pivot":{"x":1278.259033203125,"y":103.82997131347656,"z":904.7238159179688},"rotation":{"x":-0.2448500394821167,"y":0.05757075920701027,"z":-0.014531159773468972,"w":-0.9677358269691467},"size":1.7494361400604249,"orthographic":false}