{"cameraMode":{"drawMode":0,"name":"Shaded","section":"Shading Mode"},"sceneLighting":true,"audioPlay":false,"sceneViewState":{"m_AlwaysRefresh":false,"showFog":true,"showSkybox":true,"showFlares":true,"showImageEffects":true,"showParticleSystems":true,"showVisualEffectGraphs":true,"m_FxEnabled":true},"in2DMode":false,"pivot":{"x":8.401333808898926,"y":-1656.6690673828125,"z":555.8945922851563},"rotation":{"x":-0.5994992256164551,"y":-0.006476881913840771,"z":0.004851482808589935,"w":-0.8003363609313965},"size":892.9321899414063,"orthographic":false}