{"cameraMode":{"drawMode":0,"name":"Shaded","section":"Shading Mode"},"sceneLighting":true,"audioPlay":false,"sceneViewState":{"m_AlwaysRefresh":false,"showFog":true,"showSkybox":true,"showFlares":true,"showImageEffects":true,"showParticleSystems":true,"showVisualEffectGraphs":true,"m_FxEnabled":true},"in2DMode":false,"pivot":{"x":39.028812408447269,"y":104.38619995117188,"z":397.8915710449219},"rotation":{"x":0.18033486604690553,"y":0.5207884907722473,"z":-0.11366346478462219,"w":0.8266667723655701},"size":8.063386917114258,"orthographic":false}