{"cameraMode":{"drawMode":0,"name":"Shaded","section":"Shading Mode"},"sceneLighting":true,"audioPlay":false,"sceneViewState":{"m_AlwaysRefresh":false,"showFog":true,"showSkybox":true,"showFlares":true,"showImageEffects":true,"showParticleSystems":true,"showVisualEffectGraphs":true,"m_FxEnabled":true},"in2DMode":false,"pivot":{"x":1269.5179443359375,"y":-1.5204174518585206,"z":736.3514404296875},"rotation":{"x":0.11409610509872437,"y":0.1569623500108719,"z":-0.01830003596842289,"w":0.980842113494873},"size":0.8660253882408142,"orthographic":false}