{"cameraMode":{"drawMode":0,"name":"Shaded","section":"Shading Mode"},"sceneLighting":true,"audioPlay":false,"sceneViewState":{"m_AlwaysRefresh":false,"showFog":true,"showSkybox":true,"showFlares":true,"showImageEffects":true,"showParticleSystems":true,"showVisualEffectGraphs":true,"m_FxEnabled":true},"in2DMode":false,"pivot":{"x":849.800048828125,"y":175.67906188964845,"z":792.4762573242188},"rotation":{"x":0.07491843402385712,"y":-0.017949946224689485,"z":0.0013285389868542553,"w":0.9970337152481079},"size":959.1305541992188,"orthographic":false}