{"cameraMode":{"drawMode":0,"name":"Shaded","section":"Shading Mode"},"sceneLighting":false,"audioPlay":false,"sceneViewState":{"m_AlwaysRefresh":false,"showFog":true,"showSkybox":false,"showFlares":true,"showImageEffects":true,"showParticleSystems":true,"showVisualEffectGraphs":true,"m_FxEnabled":true},"in2DMode":false,"pivot":{"x":0.05196160823106766,"y":-0.050970613956451419,"z":-0.03328239917755127},"rotation":{"x":-0.2774427533149719,"y":-0.04121311753988266,"z":0.011898365803062916,"w":-0.9597861170768738},"size":0.7274612784385681,"orthographic":false}