{"cameraMode":{"drawMode":0,"name":"Shaded","section":"Shading Mode"},"sceneLighting":true,"audioPlay":false,"sceneViewState":{"m_AlwaysRefresh":false,"showFog":true,"showSkybox":true,"showFlares":true,"showImageEffects":true,"showParticleSystems":true,"showVisualEffectGraphs":true,"m_FxEnabled":true},"in2DMode":false,"pivot":{"x":16.56442642211914,"y":-0.8695271015167236,"z":9.992836952209473},"rotation":{"x":0.07768961042165756,"y":0.5058918595314026,"z":-0.04580685868859291,"w":0.8578815460205078},"size":17.271242141723634,"orthographic":false}