{"cameraMode":{"drawMode":0,"name":"Shaded","section":"Shading Mode"},"sceneLighting":true,"audioPlay":false,"sceneViewState":{"m_AlwaysRefresh":false,"showFog":true,"showSkybox":true,"showFlares":true,"showImageEffects":true,"showParticleSystems":true,"showVisualEffectGraphs":true,"m_FxEnabled":true},"in2DMode":false,"pivot":{"x":-20.241317749023439,"y":-5.001834392547607,"z":1.5722534656524659},"rotation":{"x":-0.10034816712141037,"y":0.7551986575126648,"z":-0.11901804059743881,"w":-0.6367585062980652},"size":18.639305114746095,"orthographic":false}