{"cameraMode":{"drawMode":0,"name":"Shaded","section":"Shading Mode"},"sceneLighting":false,"audioPlay":false,"sceneViewState":{"m_AlwaysRefresh":false,"showFog":true,"showSkybox":false,"showFlares":true,"showImageEffects":true,"showParticleSystems":true,"showVisualEffectGraphs":true,"m_FxEnabled":true},"in2DMode":false,"pivot":{"x":1395.0565185546875,"y":171.98184204101563,"z":1051.25927734375},"rotation":{"x":0.0017921249382197857,"y":0.9951071739196777,"z":0.09702048450708389,"w":-0.0187982190400362},"size":16.749372482299806,"orthographic":false}